id;title;year;slogan;resume
a92adbf5-930c-41ce-bff3-b11798505f1c;Test movie 1;1999;Movie test slogan; Movie test resume
82969bd5-2b7a-48a6-b414-df8848f6e2cb;Test movie 2;1998;Movie test slogan; Movie test resume
a9879db2-647a-4093-afe0-4646def2b775;Test movie 3;1997;Movie test slogan; Movie test resume
0ff9ccf8-29d6-4408-8f1c-e9fefc8f4966;Test movie 4;1996;Movie test slogan; Movie test resume
d01c4bc7-7c8d-4935-bc21-b417fb706871;Test movie 5;1995;Movie test slogan; Movie test resume
0ae492ef-cd4b-41fa-8c25-1a1cd39c9f63;Test movie 6;1994;Movie test slogan; Movie test resume
34b05d8e-5541-4a38-a8eb-e4975b346be7;Test movie 7;1993;Movie test slogan; Movie test resume
bf0b5ec3-b4a5-4816-99f9-8ce32a79be8d;Test movie 8;1992;Movie test slogan; Movie test resume
553108a8-678b-464f-8102-2eddd5c3e74a;Test movie 9;1991;Movie test slogan; Movie test resume
69d2692c-a57a-4129-9cd7-59bb40a21645;Test movie 10;1990;Movie test slogan; Movie test resume